<?xml version = '1.0' encoding = 'UTF-8'?>
<Relation class="oracle.dbtools.crest.model.design.logical.Relation" name="Interpretar" directorySegmentName="seg_0" id="1CC85853-537A-C58E-65B4-76026E0F2142">
<createdBy>hermodebian</createdBy>
<createdTime>2019-10-18 11:44:33 UTC</createdTime>
<ownerDesignName>Aitor_Hermosilla</ownerDesignName>
<engineerTo>
<item key="B42DDCC9-ECDD-11EA-F0B7-80A514B67A77" value="true"/>
</engineerTo>
<sourcePk>74A27DBB-A6C0-AE94-50C9-DC4744E3E625</sourcePk>
<targetPk>0A6BB766-3456-1FC4-3846-4AA1E7C37E2A</targetPk>
<identifying>false</identifying>
<nameOnSource>Interpretar</nameOnSource>
<optionalSource>false</optionalSource>
<optionalTarget>false</optionalTarget>
<sourceCardinality>1</sourceCardinality>
<sourceEntity>18426431-EC0E-3EA0-3E7E-69AFC612342C</sourceEntity>
<targetCardinalityString>1</targetCardinalityString>
<targetEntity>BF365400-C1D7-CFFE-8C02-C44206F81927</targetEntity>
<transferable>true</transferable>
<deleteRule>NO ACTION</deleteRule>
</Relation>
