<?xml version = '1.0' encoding = 'UTF-8'?>
<Relation class="oracle.dbtools.crest.model.design.logical.Relation" name="Relation_1" directorySegmentName="seg_0" id="6833E7A0-574D-4C8A-BD73-262A5B5E5D68">
<createdBy>hermodebian</createdBy>
<createdTime>2019-10-18 11:34:45 UTC</createdTime>
<ownerDesignName>Aitor_Hermosilla</ownerDesignName>
<engineerTo>
<item key="B42DDCC9-ECDD-11EA-F0B7-80A514B67A77" value="true"/>
</engineerTo>
<sourcePk>515BAC1F-86B0-5171-CB23-5BC608230D71</sourcePk>
<identifying>false</identifying>
<nameOnSource>EntidadDebil</nameOnSource>
<optionalSource>true</optionalSource>
<optionalTarget>false</optionalTarget>
<sourceCardinality>1</sourceCardinality>
<sourceEntity>B03ADE7A-32EE-319C-0C22-EA1E2F5E5D1A</sourceEntity>
<targetCardinalityString>*</targetCardinalityString>
<targetEntity>0A79991D-B7A6-6B0E-DD03-7355CAD1CD9B</targetEntity>
<transferable>true</transferable>
<deleteRule>NO ACTION</deleteRule>
</Relation>
