<?xml version = '1.0' encoding = 'UTF-8'?>
<Relation class="oracle.dbtools.crest.model.design.logical.Relation" name="Poseer" directorySegmentName="seg_0" id="C492F5DD-7E8E-7011-83DF-BD3120F7516B">
<createdBy>hermodebian</createdBy>
<createdTime>2019-10-18 11:52:37 UTC</createdTime>
<ownerDesignName>Aitor_Hermosilla</ownerDesignName>
<engineerTo>
<item key="B42DDCC9-ECDD-11EA-F0B7-80A514B67A77" value="true"/>
</engineerTo>
<targetPk>515BAC1F-86B0-5171-CB23-5BC608230D71</targetPk>
<identifying>false</identifying>
<nameOnSource>Poseer</nameOnSource>
<optionalSource>false</optionalSource>
<optionalTarget>false</optionalTarget>
<sourceCardinality>*</sourceCardinality>
<sourceEntity>0A79991D-B7A6-6B0E-DD03-7355CAD1CD9B</sourceEntity>
<targetCardinalityString>1</targetCardinalityString>
<targetEntity>B03ADE7A-32EE-319C-0C22-EA1E2F5E5D1A</targetEntity>
<transferable>true</transferable>
<deleteRule>NO ACTION</deleteRule>
</Relation>
