<?xml version = '1.0' encoding = 'UTF-8'?>
<Relation class="oracle.dbtools.crest.model.design.logical.Relation" name="Protagonizar" directorySegmentName="seg_0" id="D633BD5B-40BD-4119-8500-54D3B178C466">
<createdBy>hermodebian</createdBy>
<createdTime>2019-10-18 11:40:02 UTC</createdTime>
<ownerDesignName>Aitor_Hermosilla</ownerDesignName>
<engineerTo>
<item key="B42DDCC9-ECDD-11EA-F0B7-80A514B67A77" value="true"/>
</engineerTo>
<targetPk>88FEE901-86A5-1089-8B66-6B6D5D9DE9D1</targetPk>
<identifying>false</identifying>
<nameOnSource>Protagonizar</nameOnSource>
<optionalSource>true</optionalSource>
<optionalTarget>false</optionalTarget>
<sourceCardinality>*</sourceCardinality>
<sourceEntity>BF365400-C1D7-CFFE-8C02-C44206F81927</sourceEntity>
<targetCardinalityString>1</targetCardinalityString>
<targetEntity>AF232198-CCA9-910C-A406-3781665A0FE0</targetEntity>
<transferable>true</transferable>
<deleteRule>NO ACTION</deleteRule>
</Relation>
