<?xml version = '1.0' encoding = 'UTF-8'?>
<Diagram class="oracle.dbtools.crest.swingui.relational.DPVRelational" name="Proyecto_bases_entornos" id="9E71C352-E7ED-F25F-512A-FEBE987E6D38">
<createdBy>hermodebian</createdBy>
<modifiedBy>hermodebian</modifiedBy>
<createdTime>2019-10-18 11:01:54 UTC</createdTime>
<autoRoute>false</autoRoute>
<boxInbox>true</boxInbox>
<showLegend>false</showLegend>
<showLabels>false</showLabels>
<showRelAttributes>false</showRelAttributes>
<gridEnabled>false</gridEnabled>
<showGrid>false</showGrid>
<diagramColor>-1</diagramColor>
<display>false</display>
<notation>1</notation>
</Diagram>
