<?xml version = '1.0' encoding = 'UTF-8'?>
<Relation class="oracle.dbtools.crest.model.design.logical.InheritanceRelation" name="Hierarchy_1" directorySegmentName="seg_0" id="01A17DB2-D0AB-F203-7784-DB27E6605602">
<createdBy>hermodebian</createdBy>
<createdTime>2019-10-18 11:21:37 UTC</createdTime>
<ownerDesignName>Aitor_Hermosilla</ownerDesignName>
<engineerTo>
<item key="B42DDCC9-ECDD-11EA-F0B7-80A514B67A77" value="true"/>
</engineerTo>
<identifying>false</identifying>
<nameOnSource>Super Type</nameOnSource>
<nameOnTarget>Sub Type</nameOnTarget>
<optionalSource>true</optionalSource>
<optionalTarget>true</optionalTarget>
<sourceEntity>BF365400-C1D7-CFFE-8C02-C44206F81927</sourceEntity>
<targetEntity>DC25CC7C-7046-3C81-BEF5-C2DCC051C8DB</targetEntity>
<transferable>true</transferable>
<deleteRule>NO ACTION</deleteRule>
</Relation>
