<?xml version = '1.0' encoding = 'UTF-8'?>
<Entity class="oracle.dbtools.crest.model.design.logical.Entity" directorySegmentName="seg_0" id="B03ADE7A-32EE-319C-0C22-EA1E2F5E5D1A" name="Nave">
<createdBy>hermodebian</createdBy>
<createdTime>2019-10-18 11:30:02 UTC</createdTime>
<ownerDesignName>Aitor_Hermosilla</ownerDesignName>
<engineerTo>
<item key="B42DDCC9-ECDD-11EA-F0B7-80A514B67A77" value="true"/>
</engineerTo>
<adequatelyNormalized>NO</adequatelyNormalized>
<expectedVolumes>0</expectedVolumes>
<fwdEngineeringStrategyName>Single Table</fwdEngineeringStrategyName>
<growthPercent>0</growthPercent>
<growthType>Year</growthType>
<maxVolumes>9999999</maxVolumes>
<minVolumes>0</minVolumes>
<normalForm>Third</normalForm>
<attributes itemClass="oracle.dbtools.crest.model.design.logical.Attribute">
<Attribute name="Cod_Nave" id="E0213062-D80A-0FE4-23A0-A9D405098D01">
<createdBy>hermodebian</createdBy>
<createdTime>2019-10-18 11:30:07 UTC</createdTime>
<ownerDesignName>Aitor_Hermosilla</ownerDesignName>
<engineerTo>
<item key="B42DDCC9-ECDD-11EA-F0B7-80A514B67A77" value="true"/>
</engineerTo>
<useDomainConstraints>false</useDomainConstraints>
<use>1</use>
<logicalDatatype>LOGDT019</logicalDatatype>
<ownDataTypeParameters>,,</ownDataTypeParameters>
</Attribute>
<Attribute name="Nombre" id="FE6E4B45-E356-FA5C-47E0-9C0166CF6107">
<createdBy>hermodebian</createdBy>
<createdTime>2019-10-18 11:31:35 UTC</createdTime>
<ownerDesignName>Aitor_Hermosilla</ownerDesignName>
<engineerTo>
<item key="B42DDCC9-ECDD-11EA-F0B7-80A514B67A77" value="true"/>
</engineerTo>
<useDomainConstraints>false</useDomainConstraints>
<use>1</use>
<logicalDatatype>LOGDT024</logicalDatatype>
<dataTypeSize>25 CHAR</dataTypeSize>
<ownDataTypeParameters>25 CHAR,,</ownDataTypeParameters>
</Attribute>
<Attribute name="Cod_Lanzadera" id="58DD73D3-1484-F5BD-ADD9-B88D26F94755">
<createdBy>hermodebian</createdBy>
<createdTime>2019-10-18 11:34:45 UTC</createdTime>
<generatorID>6833E7A0-574D-4C8A-BD73-262A5B5E5D68</generatorID>
<ownerDesignName>Aitor_Hermosilla</ownerDesignName>
<engineerTo>
<item key="B42DDCC9-ECDD-11EA-F0B7-80A514B67A77" value="true"/>
</engineerTo>
<referedAttribute>4A5549EC-A427-8E5E-32B9-D919CBE7945F</referedAttribute>
<useDomainConstraints>false</useDomainConstraints>
<use>1</use>
<logicalDatatype>LOGDT019</logicalDatatype>
<ownDataTypeParameters>,,</ownDataTypeParameters>
</Attribute>
</attributes>
<identifiers itemClass="oracle.dbtools.crest.model.design.logical.CandidateKey">
<identifier id="515BAC1F-86B0-5171-CB23-5BC608230D71" name="Nave PK">
<createdBy>hermodebian</createdBy>
<createdTime>2019-10-18 11:31:33 UTC</createdTime>
<ownerDesignName>Aitor_Hermosilla</ownerDesignName>
<engineerTo>
<item key="B42DDCC9-ECDD-11EA-F0B7-80A514B67A77" value="true"/>
</engineerTo>
<pk>true</pk>
<usedAttributes>
<attributeRef>E0213062-D80A-0FE4-23A0-A9D405098D01</attributeRef>
</usedAttributes>
</identifier>
</identifiers>
</Entity>
