<?xml version = '1.0' encoding = 'UTF-8'?>
<Entity class="oracle.dbtools.crest.model.design.logical.Entity" directorySegmentName="seg_0" id="BF365400-C1D7-CFFE-8C02-C44206F81927" name="Personaje">
<createdBy>hermodebian</createdBy>
<createdTime>2019-10-18 11:17:41 UTC</createdTime>
<ownerDesignName>Aitor_Hermosilla</ownerDesignName>
<engineerTo>
<item key="B42DDCC9-ECDD-11EA-F0B7-80A514B67A77" value="true"/>
</engineerTo>
<adequatelyNormalized>NO</adequatelyNormalized>
<expectedVolumes>0</expectedVolumes>
<fwdEngineeringStrategyName>Single Table</fwdEngineeringStrategyName>
<growthPercent>0</growthPercent>
<growthType>Year</growthType>
<maxVolumes>9999999</maxVolumes>
<minVolumes>0</minVolumes>
<normalForm>Third</normalForm>
<attributes itemClass="oracle.dbtools.crest.model.design.logical.Attribute">
<Attribute name="Cod_Personaje" id="589FE633-2137-2711-BFC6-E51587F9B529">
<createdBy>hermodebian</createdBy>
<createdTime>2019-10-18 11:17:53 UTC</createdTime>
<ownerDesignName>Aitor_Hermosilla</ownerDesignName>
<engineerTo>
<item key="B42DDCC9-ECDD-11EA-F0B7-80A514B67A77" value="true"/>
</engineerTo>
<useDomainConstraints>false</useDomainConstraints>
<use>1</use>
<logicalDatatype>LOGDT019</logicalDatatype>
<ownDataTypeParameters>,,</ownDataTypeParameters>
</Attribute>
<Attribute name="Nombre" id="036BD038-8EBF-8C2B-06DA-CBD0306E5B72">
<createdBy>hermodebian</createdBy>
<createdTime>2019-10-18 11:18:09 UTC</createdTime>
<ownerDesignName>Aitor_Hermosilla</ownerDesignName>
<engineerTo>
<item key="B42DDCC9-ECDD-11EA-F0B7-80A514B67A77" value="true"/>
</engineerTo>
<useDomainConstraints>false</useDomainConstraints>
<use>1</use>
<logicalDatatype>LOGDT024</logicalDatatype>
<dataTypeSize>25 CHAR</dataTypeSize>
<ownDataTypeParameters>25 CHAR,,</ownDataTypeParameters>
</Attribute>
<Attribute name="GradoMilitar" id="45A4C6CA-A67D-7892-0E8A-6DE2420DC9F5">
<createdBy>hermodebian</createdBy>
<createdTime>2019-10-18 11:18:31 UTC</createdTime>
<ownerDesignName>Aitor_Hermosilla</ownerDesignName>
<engineerTo>
<item key="B42DDCC9-ECDD-11EA-F0B7-80A514B67A77" value="true"/>
</engineerTo>
<useDomainConstraints>false</useDomainConstraints>
<use>1</use>
<logicalDatatype>LOGDT024</logicalDatatype>
<dataTypeSize>15 CHAR</dataTypeSize>
<ownDataTypeParameters>15 CHAR,,</ownDataTypeParameters>
</Attribute>
<Attribute name="Cod_Pelicula" id="E0B2C639-8D48-C56D-94DA-CA4665DD9EDC">
<createdBy>hermodebian</createdBy>
<createdTime>2019-10-18 11:40:27 UTC</createdTime>
<generatorID>D633BD5B-40BD-4119-8500-54D3B178C466</generatorID>
<ownerDesignName>Aitor_Hermosilla</ownerDesignName>
<engineerTo>
<item key="B42DDCC9-ECDD-11EA-F0B7-80A514B67A77" value="true"/>
</engineerTo>
<nullsAllowed>true</nullsAllowed>
<referedAttribute>58117091-969D-AF53-4AF1-149686DFE9C1</referedAttribute>
<useDomainConstraints>false</useDomainConstraints>
<use>1</use>
<logicalDatatype>LOGDT019</logicalDatatype>
<ownDataTypeParameters>,,</ownDataTypeParameters>
</Attribute>
<Attribute name="Cod_Actor" id="B3FF1603-7029-6665-6008-CA98969732AE">
<createdBy>hermodebian</createdBy>
<createdTime>2019-10-18 11:44:33 UTC</createdTime>
<generatorID>1CC85853-537A-C58E-65B4-76026E0F2142</generatorID>
<ownerDesignName>Aitor_Hermosilla</ownerDesignName>
<engineerTo>
<item key="B42DDCC9-ECDD-11EA-F0B7-80A514B67A77" value="true"/>
</engineerTo>
<referedAttribute>789E1C43-430A-61C3-2C61-367079F2C73D</referedAttribute>
<useDomainConstraints>false</useDomainConstraints>
<use>1</use>
<logicalDatatype>LOGDT019</logicalDatatype>
<ownDataTypeParameters>,,</ownDataTypeParameters>
</Attribute>
<Attribute name="Cod_Pelicula1" id="BCB3B4C0-50A8-162F-F578-DA9A89DC84B1">
<createdBy>hermodebian</createdBy>
<createdTime>2019-10-18 11:46:19 UTC</createdTime>
<generatorID>BCA87064-C01D-887F-6E40-2385E556350C</generatorID>
<ownerDesignName>Aitor_Hermosilla</ownerDesignName>
<engineerTo>
<item key="B42DDCC9-ECDD-11EA-F0B7-80A514B67A77" value="true"/>
</engineerTo>
<nullsAllowed>true</nullsAllowed>
<referedAttribute>58117091-969D-AF53-4AF1-149686DFE9C1</referedAttribute>
<useDomainConstraints>false</useDomainConstraints>
<use>1</use>
<logicalDatatype>LOGDT019</logicalDatatype>
<ownDataTypeParameters>,,</ownDataTypeParameters>
</Attribute>
</attributes>
<identifiers itemClass="oracle.dbtools.crest.model.design.logical.CandidateKey">
<identifier id="0A6BB766-3456-1FC4-3846-4AA1E7C37E2A" name="Personaje PK">
<createdBy>hermodebian</createdBy>
<createdTime>2019-10-18 11:18:06 UTC</createdTime>
<ownerDesignName>Aitor_Hermosilla</ownerDesignName>
<engineerTo>
<item key="B42DDCC9-ECDD-11EA-F0B7-80A514B67A77" value="true"/>
</engineerTo>
<pk>true</pk>
<usedAttributes>
<attributeRef>589FE633-2137-2711-BFC6-E51587F9B529</attributeRef>
</usedAttributes>
</identifier>
</identifiers>
</Entity>
