<?xml version = '1.0' encoding = 'UTF-8'?>
<Diagram class="oracle.dbtools.crest.swingui.logical.DPVLogical" name="Logical" id="77FE0A6D-1923-2C84-DA81-C6C5014DF513">
<createdBy>hermodebian</createdBy>
<modifiedBy>hermodebian</modifiedBy>
<createdTime>2019-10-18 11:02:42 UTC</createdTime>
<autoRoute>false</autoRoute>
<boxInbox>true</boxInbox>
<showLegend>false</showLegend>
<showLabels>true</showLabels>
<showRelAttributes>false</showRelAttributes>
<gridEnabled>false</gridEnabled>
<showGrid>false</showGrid>
<diagramColor>-1</diagramColor>
<display>false</display>
<notation>1</notation>
<objectViews>
<OView class="oracle.dbtools.crest.swingui.logical.TVEntity" oid="0A79991D-B7A6-6B0E-DD03-7355CAD1CD9B" otype="Entity" vid="F8969766-0724-2C74-DA9D-7D2DDEF1B8E1">
<hideElementsInCurrentOnly>false</hideElementsInCurrentOnly>
<bounds x="400" y="22" width="170" height="52"/>
</OView>
<OView class="oracle.dbtools.crest.swingui.logical.TVEntity" oid="1800EE91-949E-889B-412A-C8B5F6741E1B" otype="Entity" vid="1F91029D-328C-21EE-839D-ECB95559045F">
<hideElementsInCurrentOnly>false</hideElementsInCurrentOnly>
<bounds x="713" y="366" width="170" height="110"/>
</OView>
<OView class="oracle.dbtools.crest.swingui.logical.TVEntity" oid="18426431-EC0E-3EA0-3E7E-69AFC612342C" otype="Entity" vid="C0043907-D252-219D-3915-2797C518C6D2">
<hideElementsInCurrentOnly>false</hideElementsInCurrentOnly>
<bounds x="11" y="6" width="170" height="110"/>
</OView>
<OView class="oracle.dbtools.crest.swingui.logical.TVEntity" oid="77B4E547-AD92-216F-FD9A-AA00B847C819" otype="Entity" vid="D0F0795B-80C3-4C9A-4CA3-168D6C515B1C">
<hideElementsInCurrentOnly>false</hideElementsInCurrentOnly>
<bounds x="30" y="308" width="150" height="53"/>
</OView>
<OView class="oracle.dbtools.crest.swingui.logical.TVEntity" oid="AF232198-CCA9-910C-A406-3781665A0FE0" otype="Entity" vid="A2E79594-3180-C802-6BAC-D7294A2B7216">
<hideElementsInCurrentOnly>false</hideElementsInCurrentOnly>
<bounds x="424" y="246" width="170" height="85"/>
</OView>
<OView class="oracle.dbtools.crest.swingui.logical.TVEntity" oid="B03ADE7A-32EE-319C-0C22-EA1E2F5E5D1A" otype="Entity" vid="248C6CF4-4BB4-5D8B-45F7-DFDC3EEED49A">
<hideElementsInCurrentOnly>false</hideElementsInCurrentOnly>
<bounds x="702" y="26" width="170" height="60"/>
</OView>
<OView class="oracle.dbtools.crest.swingui.logical.TVEntity" oid="BF365400-C1D7-CFFE-8C02-C44206F81927" otype="Entity" vid="EE1F83F6-D8AA-DF2F-A70B-F21AE6E1D82A">
<hideElementsInCurrentOnly>false</hideElementsInCurrentOnly>
<bounds x="20" y="173" width="170" height="298"/>
</OView>
<OView class="oracle.dbtools.crest.swingui.logical.TVEntity" oid="CB200297-22E9-80C1-D0BE-982A4D36A896" otype="Entity" vid="3651154F-577E-1F85-7D46-C4960D6C6DBC">
<hideElementsInCurrentOnly>false</hideElementsInCurrentOnly>
<bounds x="1014" y="195" width="170" height="110"/>
</OView>
<OView class="oracle.dbtools.crest.swingui.logical.TVEntity" oid="DC25CC7C-7046-3C81-BEF5-C2DCC051C8DB" otype="Entity" vid="0196C864-2B9B-AAC4-10DB-AF87D4508A4F">
<hideElementsInCurrentOnly>false</hideElementsInCurrentOnly>
<bounds x="30" y="244" width="150" height="56"/>
</OView>
<OView class="oracle.dbtools.crest.swingui.logical.TVEntity" oid="E7F4B483-1D8A-A5F2-0049-BB8ADD2440EE" otype="Entity" vid="DB33A03E-F643-F315-FC1A-DDCC224AD863">
<hideElementsInCurrentOnly>false</hideElementsInCurrentOnly>
<bounds x="30" y="372" width="150" height="63"/>
</OView>
<OView class="oracle.dbtools.crest.swingui.logical.TVEntity" oid="F7ED9B6A-E27B-F4D7-68E6-00F54352EAE7" otype="Entity" vid="BCCADB59-C3B5-376E-0204-C4A495ADFCBE">
<hideElementsInCurrentOnly>false</hideElementsInCurrentOnly>
<bounds x="720" y="222" width="152" height="60"/>
</OView>
<OView class="oracle.dbtools.crest.swingui.logical.TVEntity" oid="F8730600-D913-5ECA-57D7-DE8CFC749DC8" otype="Entity" vid="46A11218-C27D-219B-D370-CF1AA7114166">
<hideElementsInCurrentOnly>false</hideElementsInCurrentOnly>
<bounds x="343" y="106" width="170" height="63"/>
</OView>
</objectViews>
<connectors>
<Connector class="oracle.dbtools.crest.swingui.logical.TVInheritanceRelation" oid="01839721-6BA6-8D1E-0F4F-31E07A0AE0AD" otype="Hierarchy relation" vid_source="EE1F83F6-D8AA-DF2F-A70B-F21AE6E1D82A" vid_target="DB33A03E-F643-F315-FC1A-DDCC224AD863">
<hideElementsInCurrentOnly>false</hideElementsInCurrentOnly>
<backgroundColor>-65536</backgroundColor>
<lineWidth>1</lineWidth>
</Connector>
<Connector class="oracle.dbtools.crest.swingui.logical.TVInheritanceRelation" oid="01A17DB2-D0AB-F203-7784-DB27E6605602" otype="Hierarchy relation" vid_source="EE1F83F6-D8AA-DF2F-A70B-F21AE6E1D82A" vid_target="0196C864-2B9B-AAC4-10DB-AF87D4508A4F">
<hideElementsInCurrentOnly>false</hideElementsInCurrentOnly>
<backgroundColor>-65536</backgroundColor>
<lineWidth>1</lineWidth>
</Connector>
<Connector class="oracle.dbtools.crest.swingui.logical.TVInheritanceRelation" oid="1051CDB4-CD71-78DC-9643-5140D8D3202A" otype="Hierarchy relation" vid_source="EE1F83F6-D8AA-DF2F-A70B-F21AE6E1D82A" vid_target="D0F0795B-80C3-4C9A-4CA3-168D6C515B1C">
<hideElementsInCurrentOnly>false</hideElementsInCurrentOnly>
<backgroundColor>-65536</backgroundColor>
<lineWidth>1</lineWidth>
</Connector>
<Connector class="oracle.dbtools.crest.swingui.logical.TVRelation" oid="19B1581F-301A-A1FA-8F0E-A48942C5AC8C" otype="Relation" vid_source="EE1F83F6-D8AA-DF2F-A70B-F21AE6E1D82A" vid_target="1F91029D-328C-21EE-839D-ECB95559045F">
<hideElementsInCurrentOnly>false</hideElementsInCurrentOnly>
<backgroundColor>-16777216</backgroundColor>
<lineWidth>1</lineWidth>
<sourceLabel class="oracle.dbtools.crest.model.design.Label">
<site>0</site>
<labelBounds x="200" y="388" width="61" height="30"/>
<noBackgroundColor>true</noBackgroundColor>
<noForegroundColor>true</noForegroundColor>
</sourceLabel>
<points>
<point x="190" y="418"/>
<point x="713" y="418"/>
</points>
</Connector>
<Connector class="oracle.dbtools.crest.swingui.logical.TVRelation" oid="1CC85853-537A-C58E-65B4-76026E0F2142" otype="Relation" vid_source="C0043907-D252-219D-3915-2797C518C6D2" vid_target="EE1F83F6-D8AA-DF2F-A70B-F21AE6E1D82A">
<hideElementsInCurrentOnly>false</hideElementsInCurrentOnly>
<backgroundColor>-16777216</backgroundColor>
<lineWidth>1</lineWidth>
<sourceLabel class="oracle.dbtools.crest.model.design.Label">
<site>0</site>
<labelBounds x="100" y="160" width="68" height="30"/>
<noBackgroundColor>true</noBackgroundColor>
<noForegroundColor>true</noForegroundColor>
</sourceLabel>
<points>
<point x="100" y="116"/>
<point x="100" y="173"/>
</points>
</Connector>
<Connector class="oracle.dbtools.crest.swingui.logical.TVRelation" oid="382BE62D-6D13-305E-B4BC-F7380B234D67" otype="Relation" vid_source="EE1F83F6-D8AA-DF2F-A70B-F21AE6E1D82A" vid_target="A2E79594-3180-C802-6BAC-D7294A2B7216">
<hideElementsInCurrentOnly>false</hideElementsInCurrentOnly>
<backgroundColor>-16777216</backgroundColor>
<lineWidth>1</lineWidth>
<sourceLabel class="oracle.dbtools.crest.model.design.Label">
<site>0</site>
<labelBounds x="200" y="229" width="45" height="32"/>
<noBackgroundColor>true</noBackgroundColor>
<noForegroundColor>true</noForegroundColor>
</sourceLabel>
<points>
<point x="190" y="261"/>
<point x="424" y="261"/>
</points>
</Connector>
<Connector class="oracle.dbtools.crest.swingui.logical.TVRelation" oid="64FDB064-B29F-3B34-DBFA-665F7E5598A4" otype="Relation" vid_source="3651154F-577E-1F85-7D46-C4960D6C6DBC" vid_target="BCCADB59-C3B5-376E-0204-C4A495ADFCBE">
<hideElementsInCurrentOnly>false</hideElementsInCurrentOnly>
<backgroundColor>-16777216</backgroundColor>
<lineWidth>1</lineWidth>
<sourceLabel class="oracle.dbtools.crest.model.design.Label">
<site>0</site>
<labelBounds x="963" y="222" width="45" height="30"/>
<noBackgroundColor>true</noBackgroundColor>
<noForegroundColor>true</noForegroundColor>
</sourceLabel>
<points>
<point x="1014" y="252"/>
<point x="872" y="252"/>
</points>
</Connector>
<Connector class="oracle.dbtools.crest.swingui.logical.TVRelation" oid="6833E7A0-574D-4C8A-BD73-262A5B5E5D68" otype="Relation" vid_source="248C6CF4-4BB4-5D8B-45F7-DFDC3EEED49A" vid_target="F8969766-0724-2C74-DA9D-7D2DDEF1B8E1">
<hideElementsInCurrentOnly>false</hideElementsInCurrentOnly>
<backgroundColor>-16777216</backgroundColor>
<lineWidth>1</lineWidth>
<sourceLabel class="oracle.dbtools.crest.model.design.Label">
<site>0</site>
<labelBounds x="620" y="42" width="76" height="23"/>
<noBackgroundColor>true</noBackgroundColor>
<noForegroundColor>true</noForegroundColor>
</sourceLabel>
<points>
<point x="702" y="65"/>
<point x="570" y="65"/>
</points>
</Connector>
<Connector class="oracle.dbtools.crest.swingui.logical.TVRelation" oid="910B1638-A782-A257-2A2E-BCA8E7B0797F" otype="Relation" vid_source="C0043907-D252-219D-3915-2797C518C6D2" vid_target="46A11218-C27D-219B-D370-CF1AA7114166">
<hideElementsInCurrentOnly>false</hideElementsInCurrentOnly>
<backgroundColor>-16777216</backgroundColor>
<lineWidth>1</lineWidth>
<sourceLabel class="oracle.dbtools.crest.model.design.Label">
<site>0</site>
<labelBounds x="191" y="81" width="73" height="30"/>
<noBackgroundColor>true</noBackgroundColor>
<noForegroundColor>true</noForegroundColor>
</sourceLabel>
<points>
<point x="181" y="111"/>
<point x="343" y="111"/>
</points>
</Connector>
<Connector class="oracle.dbtools.crest.swingui.logical.TVRelation" oid="B5637CAA-71F6-46F7-4ECC-B968D4BA3236" otype="Relation" vid_source="248C6CF4-4BB4-5D8B-45F7-DFDC3EEED49A" vid_target="BCCADB59-C3B5-376E-0204-C4A495ADFCBE">
<hideElementsInCurrentOnly>false</hideElementsInCurrentOnly>
<backgroundColor>-16777216</backgroundColor>
<lineWidth>1</lineWidth>
<sourceLabel class="oracle.dbtools.crest.model.design.Label">
<site>0</site>
<labelBounds x="796" y="154" width="42" height="30"/>
<noBackgroundColor>true</noBackgroundColor>
<noForegroundColor>true</noForegroundColor>
</sourceLabel>
<points>
<point x="796" y="86"/>
<point x="796" y="222"/>
</points>
</Connector>
<Connector class="oracle.dbtools.crest.swingui.logical.TVRelation" oid="BCA87064-C01D-887F-6E40-2385E556350C" otype="Relation" vid_source="EE1F83F6-D8AA-DF2F-A70B-F21AE6E1D82A" vid_target="EE1F83F6-D8AA-DF2F-A70B-F21AE6E1D82A">
<hideElementsInCurrentOnly>false</hideElementsInCurrentOnly>
<backgroundColor>-16777216</backgroundColor>
<lineWidth>1</lineWidth>
<sourceLabel class="oracle.dbtools.crest.model.design.Label">
<site>0</site>
<labelBounds x="215" y="333" width="63" height="30"/>
<noBackgroundColor>true</noBackgroundColor>
<noForegroundColor>true</noForegroundColor>
</sourceLabel>
<points>
<point x="190" y="348"/>
<point x="215" y="348"/>
<point x="215" y="496"/>
<point x="120" y="496"/>
<point x="120" y="471"/>
</points>
</Connector>
<Connector class="oracle.dbtools.crest.swingui.logical.TVRelation" oid="C492F5DD-7E8E-7011-83DF-BD3120F7516B" otype="Relation" vid_source="F8969766-0724-2C74-DA9D-7D2DDEF1B8E1" vid_target="248C6CF4-4BB4-5D8B-45F7-DFDC3EEED49A">
<hideElementsInCurrentOnly>false</hideElementsInCurrentOnly>
<backgroundColor>-16777216</backgroundColor>
<lineWidth>1</lineWidth>
<sourceLabel class="oracle.dbtools.crest.model.design.Label">
<site>0</site>
<labelBounds x="580" y="5" width="49" height="30"/>
<noBackgroundColor>true</noBackgroundColor>
<noForegroundColor>true</noForegroundColor>
</sourceLabel>
<points>
<point x="570" y="35"/>
<point x="702" y="35"/>
</points>
</Connector>
<Connector class="oracle.dbtools.crest.swingui.logical.TVRelation" oid="D633BD5B-40BD-4119-8500-54D3B178C466" otype="Relation" vid_source="EE1F83F6-D8AA-DF2F-A70B-F21AE6E1D82A" vid_target="A2E79594-3180-C802-6BAC-D7294A2B7216">
<hideElementsInCurrentOnly>false</hideElementsInCurrentOnly>
<backgroundColor>-16777216</backgroundColor>
<lineWidth>1</lineWidth>
<sourceLabel class="oracle.dbtools.crest.model.design.Label">
<site>0</site>
<labelBounds x="200" y="273" width="77" height="30"/>
<noBackgroundColor>true</noBackgroundColor>
<noForegroundColor>true</noForegroundColor>
</sourceLabel>
<points>
<point x="190" y="303"/>
<point x="424" y="303"/>
</points>
</Connector>
<Connector class="oracle.dbtools.crest.swingui.logical.TVRelation" oid="EBAC7639-7CA1-4750-0CCB-A202B1DF0AB0" otype="Relation" vid_source="1F91029D-328C-21EE-839D-ECB95559045F" vid_target="BCCADB59-C3B5-376E-0204-C4A495ADFCBE">
<hideElementsInCurrentOnly>false</hideElementsInCurrentOnly>
<backgroundColor>-16777216</backgroundColor>
<lineWidth>1</lineWidth>
<sourceLabel class="oracle.dbtools.crest.model.design.Label">
<site>0</site>
<labelBounds x="796" y="330" width="53" height="30"/>
<noBackgroundColor>true</noBackgroundColor>
<noForegroundColor>true</noForegroundColor>
</sourceLabel>
<points>
<point x="796" y="366"/>
<point x="796" y="282"/>
</points>
</Connector>
</connectors>
</Diagram>
