<?xml version="1.0" encoding="UTF-8"?>
<project-private xmlns="http://www.netbeans.org/ns/project-private/1">
    <editor-bookmarks xmlns="http://www.netbeans.org/ns/editor-bookmarks/2" lastBookmarkId="0"/>
    <open-files xmlns="http://www.netbeans.org/ns/projectui-open-files/2">
        <group>
            <file>file:/home/hermodebian/DAW2019-2020/programación/1eraEvaluacion/practica4/MiEjercicio/src/miejercicio/DniNoValido.java</file>
            <file>file:/home/hermodebian/DAW2019-2020/programación/1eraEvaluacion/practica4/MiEjercicio/src/miejercicio/MiEjercicio.java</file>
        </group>
    </open-files>
</project-private>
